{
    "UCF101-24": {
        "Basketball": {
            "MAE": 15.623001952110053,
            "MSE": 5.2996304673188485
        },
        "BasketballDunk": {
            "MAE": 9.234296268026768,
            "MSE": 2.0389161854844913
        },
        "Biking": {
            "MAE": 11.871966648291403,
            "MSE": 2.6040319664400093
        },
        "CliffDiving": {
            "MAE": 10.141541758339951,
            "MSE": 2.1772614548639917
        },
        "CricketBowling": {
            "MAE": 19.581727229707962,
            "MSE": 7.543841672141523
        },
        "Diving": {
            "MAE": 8.067679647321672,
            "MSE": 1.2857452755067325
        },
        "Fencing": {
            "MAE": 10.165131449202466,
            "MSE": 1.710677034238413
        },
        "FloorGymnastics": {
            "MAE": 11.433663444429188,
            "MSE": 2.227959566562153
        },
        "GolfSwing": {
            "MAE": 11.999109236574963,
            "MSE": 2.8790027506025183
        },
        "HorseRding": {
            "MAE": 12.88509971748453,
            "MSE": 3.5265514765300966
        },
        "IceDancing": {
            "MAE": 14.270798484077305,
            "MSE": 3.265581639494756
        },
        "LongJump": {
            "MAE": 9.51831681047167,
            "MSE": 1.9736721192020922
        },
        "PoleVault": {
            "MAE": 15.857557056179038,
            "MSE": 4.682716182227935
        },
        "RopeClimbing": {
            "MAE": 7.078735035179244,
            "MSE": 0.8930108198862339
        },
        "SalsaSpin": {
            "MAE": 16.667688847697917,
            "MSE": 5.26633509012088
        },
        "SkateBoarding": {
            "MAE": 14.203484238378259,
            "MSE": 4.0770151596886434
        },
        "Skiing": {
            "MAE": 14.605559003969352,
            "MSE": 3.541742825014069
        },
        "Skijet": {
            "MAE": 14.072504376169698,
            "MSE": 3.228205138179253
        },
        "SoccerJuggling": {
            "MAE": 19.20005800625234,
            "MSE": 6.968194315230754
        },
        "Surfing": {
            "MAE": 15.79086523085495,
            "MSE": 4.1938410670209744
        },
        "TennisSwing": {
            "MAE": 23.194699687125556,
            "MSE": 9.316141053594225
        },
        "TrampolineJumping": {
            "MAE": 18.203659183360372,
            "MSE": 5.354182811967255
        },
        "VolleyballSpiking": {
            "MAE": 12.840889629516008,
            "MSE": 3.45277455757554
        },
        "WalkingWithDog": {
            "MAE": 11.865220423615638,
            "MSE": 2.7726494781714954
        }
    }
}